{
  "total": 53,
  "successful": 53,
  "failed": 0,
  "top_k": 5,
  "retrieval": {
    "chunk_hit_rate": 0.9622641509433962,
    "chunk_recall": 0.8962264150943396,
    "chunk_precision": 0.2867924528301887,
    "mrr": 0.940251572327044,
    "page_hit_rate": 0.9811320754716981,
    "page_recall": 0.8993710691823898,
    "context_recall": 0.8855766120387203,
    "context_precision": 0.9691037735849056
  },
  "latency_ms": {
    "avg": 27726.622641509435,
    "max": 45106
  },
  "generation": {
    "exact_match": 0.0,
    "char_f1": 0.5030932204446016,
    "rouge_l": 0.3791249406431072
  },
  "llm_judge": {
    "answer_correctness": 4.981132075471698,
    "faithfulness": 5.0,
    "evidence_coverage": 4.943396226415095,
    "context_relevance": 5.0,
    "hallucination_rate": 0.0,
    "judge_successful": 53,
    "judge_failed": 0
  }
}